,0,1,2,3,4,5,6,7,8,9
0,Hospital San Juan de Dios,OPERATIONAL,"Troncal Carrera 10 #1 - 59 Sur, Antonio Nariño, Bogotá, Colombia",ChIJiUDp7wKZP44R96KuALqQ0Kg,4.5890537,-74.08655499999999,3.9,"['hospital', 'health', 'point_of_interest', 'establishment']",24,hospital
1,Hospital de la Policia - Bogotá,OPERATIONAL,"Cra. 59 ##26-21, Bogotá, Colombia",ChIJuc21gb-bP44RrXu-j79yass,4.6472533,-74.0974426,3.8,"['hospital', 'health', 'point_of_interest', 'establishment']",165,hospital
2,Hospital Universitario San Ignacio,OPERATIONAL,"# 40-62 consultorio 704 Hospital Universitario San Ignacio, Cra. 7, Bogotá, Colombia",ChIJdSQd1CeaP44RGBLLwvagXxU,4.628566600000001,-74.0650036,3.7,"['hospital', 'health', 'point_of_interest', 'establishment']",326,hospital
3,Hospital Universitario Nacional de Colombia,OPERATIONAL,"Cl. 44 #59-75, Teusaquillo, Bogotá, Colombia",ChIJuc4bO7-bP44Rj7E1l2_Sy4E,4.648615899999999,-74.0958465,3.9,"['hospital', 'health', 'point_of_interest', 'establishment']",306,hospital
4,Hospital de la Samaritana,OPERATIONAL,"Cra. 8 ##0-29波哥大 Bogotá, Cundinamarca, Colombia",ChIJJwplDAKZP44RAO7G1q2hb7M,4.587446700000001,-74.08371389999999,4.2,"['hospital', 'health', 'point_of_interest', 'establishment']",149,hospital
5,Hospital Santa Clara,OPERATIONAL,"Cra. 14b #1-45 sur, Antonio Nariño, Bogotá, Colombia",ChIJ2TdwZhyZP44RQzZKki2Xomw,4.5914778,-74.0923251,3.3,"['hospital', 'health', 'point_of_interest', 'establishment']",138,hospital
6,Hospital Engativá,OPERATIONAL,"Tv. 100a #80a-50, Bogotá, Colombia",ChIJP9dIK8uEP44RqeC-qSUuMHY,4.710947900000001,-74.10972869999999,2.8,"['hospital', 'health', 'point_of_interest', 'establishment']",128,hospital
7,Fundacion Santa Fe De Bogota Hospital Universitario,OPERATIONAL,"Cra. 7b #12390, Bogotá, Colombia",ChIJycke7qmaP44R2LjxiYXGFQ0,4.7000131,-74.0310452,3.6,"['hospital', 'health', 'point_of_interest', 'establishment']",115,hospital
8,Clínica Palermo,OPERATIONAL,"Cl. 45c ##22-02, Bogotá, Colombia",ChIJkZGm4SyaP44RiVTFRqpaZ3w,4.6359046,-74.0737742,2.8,"['hospital', 'health', 'point_of_interest', 'establishment']",9,hospital
9,Hospital de Usaquén,OPERATIONAL,"Cra. 6a #117 B-14, Usaquén, Bogotá, Colombia",ChIJDfu7GqiaP44RfpQyUUfZRPc,4.6963553,-74.0306205,2.7,"['hospital', 'health', 'point_of_interest', 'establishment']",22,hospital
10,Sociedad de Cirugía de Bogotá - Hospital de San José,OPERATIONAL,"Cl. 10 ##18-75, Bogotá, Colombia",ChIJR4cl5A2ZP44RUNfolbSMNFM,4.603005500000001,-74.087226,3.5,"['hospital', 'health', 'point_of_interest', 'establishment']",317,hospital
11,Hospital Simon Bolivar,OPERATIONAL,"Cl. 165 #7-06, Bogotá, Colombia",ChIJ7-QQaOePP44R_ueHl2uiBBo,4.742681999999999,-74.02282310000001,3.1,"['hospital', 'health', 'point_of_interest', 'establishment']",97,hospital
12,Hospital Meissen,OPERATIONAL,"Dg. 69r Sur #18n6, Bogotá, Colombia",ChIJaSzfI0WfP44RbHxrTY08mmY,4.5595,-74.1383,2.9,"['hospital', 'health', 'point_of_interest', 'establishment']",94,hospital
13,Clínica Miocardio,OPERATIONAL,"Cra. 45a #94-71, Bogotá, Colombia",ChIJOV-E2uuaP44R9-t9z_fyu5o,4.683053,-74.05897089999999,3.0,"['hospital', 'health', 'point_of_interest', 'establishment']",20,hospital
14,Clinica La Inmaculada,OPERATIONAL,"Cra. 7 ##68-70, Bogotá, Colombia",ChIJwzmkZkGaP44RwKw8jmwFJ10,4.6515555,-74.0569648,4.1,"['hospital', 'health', 'point_of_interest', 'establishment']",50,hospital
15,Hospital De Kennedy,OPERATIONAL,"Av. 1 de Mayo #40B-54, Bogotá, Colombia",ChIJPQQC1ZCeP44RkV2H2u513Jg,4.6165239,-74.1533192,3.3,"['hospital', 'finance', 'health', 'point_of_interest', 'establishment']",324,hospital
16,Fundación Hospital De La Misericordia,OPERATIONAL,"Av. Caracas #1-65, Bogotá, Colombia",ChIJ1f5KtASZP44RhZ7u6EmcNM0,4.593217399999999,-74.0886079,4.1,"['hospital', 'health', 'point_of_interest', 'establishment']",216,hospital
17,Hospital Universitario Mayor - Méderi,OPERATIONAL,"Cl. 24 ##29-45, Bogotá, Colombia",ChIJLVESnn6ZP44R5VbNHdlfAIs,4.6233197,-74.0827056,3.5,"['hospital', 'health', 'point_of_interest', 'establishment']",291,hospital
18,Hospital de bosa,OPERATIONAL,"Cl. 65d Sur, #79C_90, Bogotá, Colombia",ChIJoazhMBSfP44RPAT3cOntY5M,4.606329,-74.18588299999999,0.0,"['hospital', 'health', 'point_of_interest', 'establishment']",0,hospital
19,Clínica La Sabana - Especialistas en Ortopedia y Traumatología,OPERATIONAL,"Ak. 19 ##102-53, Bogotá, Cundinamarca, Colombia",ChIJg936oL-aP44RFKOLKjyKr44,4.6884307,-74.0518793,4.0,"['hospital', 'doctor', 'dentist', 'health', 'point_of_interest', 'establishment']",71,hospital
20,La Piscina Night Club,OPERATIONAL,"Cra. 15 #23 - 64, Bogotá, Colombia",ChIJp_3j2p2ZP44RNEwSRwFYgEM,4.6121247,-74.0747481,4.0,"['night_club', 'point_of_interest', 'establishment']",171,night+club
21,EIFFEL NIGHT CLUB,CLOSED_TEMPORARILY,"Cra. 16a ##23-89, Bogotá, Colombia",ChIJkdZrr8WZP44RNiFzG44GYiA,4.6133171,-74.0754193,4.5,"['night_club', 'point_of_interest', 'establishment']",6,night+club
22,Forty Nine International Club,OPERATIONAL,"Cra. 13 ##49-77, Bogotá, Colombia",ChIJmeuiBTCaP44RpAAH2NScqxU,4.6370074,-74.0657508,3.9,"['night_club', 'bar', 'point_of_interest', 'establishment']",32,night+club
23,Octava Club,OPERATIONAL,"Cra. 8 ## 63 - 41, Bogotá, Colombia",ChIJqapMIEeaP44Rj73piZ_qchM,4.6488363,-74.0608773,4.5,"['night_club', 'bar', 'point_of_interest', 'establishment']",120,night+club
24,Armando Records,OPERATIONAL,"Avenida Calle 85#14-46, Bogotá, Colombia",ChIJSer9wPSaP44RY5Jc_rwI6jY,4.6700041,-74.0547668,4.1,"['night_club', 'point_of_interest', 'establishment']",577,night+club
25,Fiebre Night Club,OPERATIONAL,"Cra. 16a ##23 50, Bogotá, Colombia",ChIJ0QtJlZ2ZP44RX1zOE2thuUk,4.6130608,-74.07559719999999,4.3,"['night_club', 'point_of_interest', 'establishment']",16,night+club
26,Ambar Club,OPERATIONAL,"Cra. 11a #93-18, Bogotá, Colombia",ChIJe8wz5o2aP44Rrk_7lBPnODw,4.6749424,-74.0481241,4.8,"['night_club', 'point_of_interest', 'establishment']",10,night+club
27,Gnoveva Bar,OPERATIONAL,"Cll 84 # 14 - 44, Zona Rosa, Bogotá, Bogotá, Colombia",ChIJ2ZOP5_SaP44RBM7owYAI44o,4.66923,-74.05502,3.0,"['night_club', 'point_of_interest', 'establishment']",42,night+club
28,Theatron De Película,CLOSED_TEMPORARILY,"Calle 58 #10-32, Bogotá, Cundinamarca, Colombia",ChIJrWVrRjiaP44RI4GKwG_Gx6I,4.644928999999999,-74.06376399999999,4.4,"['night_club', 'point_of_interest', 'establishment']",1924,night+club
29,El Mozo Club,OPERATIONAL,"Ac. 85 #12-51, Comuna Chapinero, Bogotá, Colombia",ChIJxSZJ1oqaP44RgImEbNQ7Jik,4.6686875,-74.0531153,4.2,"['night_club', 'bar', 'point_of_interest', 'establishment']",425,night+club
30,Bar La Santa Club,OPERATIONAL,"Piso 2 Barrio: Modelia Colombia, Cra. 75 #N° 24C- 08, Zona 5, Bogotá, Colombia",ChIJuUlr_IGbP44RceEbxo_PZws,4.6672226,-74.1184171,4.0,"['night_club', 'point_of_interest', 'establishment']",2019,night+club
31,Disco Jaguar,OPERATIONAL,"Cra. 7 #59 -34, Santa Fé, Bogotá, Colombia",ChIJCfVz5TiaP44RPc2on-jab5U,4.644519,-74.0614486,4.4,"['night_club', 'point_of_interest', 'establishment']",1742,night+club
32,La Disco,CLOSED_TEMPORARILY,"Cra. 28 #84-12, Bogotá, Colombia",ChIJ09p5xfSaP44Rc2reWIJSEUY,4.669351100000001,-74.0544993,0.0,"['night_club', 'point_of_interest', 'establishment']",0,night+club
33,Casanova,OPERATIONAL,"a 14-67, Cl. 86a #1431, Bogotá, Colombia",ChIJCQ9xpfSaP44RaK-L7GnqrT0,4.6707029,-74.0543076,0.0,"['night_club', 'point_of_interest', 'establishment']",0,night+club
34,Angelos VIP Sede Sindicalista,OPERATIONAL,"a 69c-43, Cl. 25 Sur #69c-1, Bogotá, Colombia",ChIJ9-0-g7CeP44RHI_Oh9degV8,4.6151522,-74.1354814,5.0,"['night_club', 'point_of_interest', 'establishment']",3,night+club
35,Lido,OPERATIONAL,"a 95-83, Cra. 14 #95-1, Bogotá, Colombia",ChIJnX7K9JOaP44RwthJVZZS_50,4.680817999999999,-74.0490836,3.1,"['night_club', 'point_of_interest', 'establishment']",21,night+club
36,Club Swinger 69,OPERATIONAL,"Cl. 69 ##10-30, Bogotá, Cundinamarca, Colombia",ChIJQXrLZESaP44R_z3lgnBIhw8,4.6534666,-74.06013109999999,4.3,"['night_club', 'point_of_interest', 'establishment']",21,night+club
37,Disco Bar La Colina,OPERATIONAL,"Cl 132 #59, Bogotá, Colombia",ChIJf7pSGuaEP44R9Lm-Ae0_-tc,4.73108,-74.08820399999999,5.0,"['night_club', 'point_of_interest', 'establishment']",1,night+club
38,Oz 74,OPERATIONAL,"a 20-29, Cl. 74 #20-1, Bogotá, Colombia",ChIJb-D_elmaP44RkIvBJ98c0lA,4.6618615,-74.0617682,3.4,"['night_club', 'point_of_interest', 'establishment']",5,night+club
39,the eden Club,CLOSED_TEMPORARILY,"Cl. 93 #1940, Bogotá, Colombia",ChIJyRuJHu2aP44RFmfA5pMd8_s,4.678535999999999,-74.05528900000002,5.0,"['night_club', 'point_of_interest', 'establishment']",1,night+club
40,Plaza de Bolívar de Bogotá,OPERATIONAL,"Cra. 7 #11-10, La Candelaria, Bogotá, Colombia",ChIJj-XP7KeZP44RdhQ1NSu3nAk,4.5981206,-74.0760435,4.6,"['tourist_attraction', 'point_of_interest', 'establishment']",54083,point+of+interes
41,Parque Central Simón Bolívar,OPERATIONAL,"Av. Calle 53 y Av. Esmeralda #s/n, Bogotá, Cundinamarca, Colombia",ChIJPTkQGJKFP44RO7BCQGQ_lR0,4.6584796,-74.09345789999999,4.7,"['park', 'tourist_attraction', 'point_of_interest', 'establishment']",58842,point+of+interes
42,Museo Nacional de Colombia,OPERATIONAL,"Cra. 7 #28-66 N, Bogotá, Colombia",ChIJz3onhISZP44RI5mCru8jqzs,4.6154924,-74.068287,4.7,"['tourist_attraction', 'museum', 'point_of_interest', 'establishment']",18226,point+of+interes
43,Jardín Botánico de Bogotá José Celestino Mutis,OPERATIONAL,"Cl. 63 #6895, Bogotá, Colombia",ChIJKy8crgqbP44RqGHYK0w3TjY,4.668080799999999,-74.10009409999999,4.7,"['tourist_attraction', 'park', 'point_of_interest', 'establishment']",36201,point+of+interes
44,Capitolio Nacional,OPERATIONAL,"Cl. 10, Bogotá, Colombia",ChIJ69mP-6eZP44R1sMohMW9_4Q,4.597239399999999,-74.07655249999999,4.6,"['tourist_attraction', 'point_of_interest', 'establishment']",619,point+of+interes
45,Museo Casa de Moneda,OPERATIONAL,"Cl. 11 #4-93, Bogotá, Cundinamarca, Colombia",ChIJEzHjKKaZP44RbWQ9GhaGidY,4.596954999999999,-74.0735231,4.7,"['tourist_attraction', 'museum', 'point_of_interest', 'store', 'establishment']",1789,point+of+interes
46,Salitre Mágico,OPERATIONAL,"# 60 Avenida Calle 63 #80, Bogotá, Colombia",ChIJcXH9q6ebP44RwtQ4NMt1BEM,4.6648196,-74.0919759,4.4,"['amusement_park', 'tourist_attraction', 'point_of_interest', 'establishment']",27597,point+of+interes
47,Parque de la Independencia,OPERATIONAL,"Esq. Calle 26, Entrada A La KR7, La Candelaria, Bogotá, Colombia",ChIJjbTdX5mZP44RdiuxIBI52zw,4.6113084,-74.0683032,4.5,"['tourist_attraction', 'park', 'point_of_interest', 'establishment']",9066,point+of+interes
48,I. S. - B. R.,OPERATIONAL,"Cl. 136 #93A-45, Suba, Bogotá, Colombia",ChIJT5LnbuWEP44RhMdFr0Y-caQ,4.7352406,-74.0878006,3.0,"['point_of_interest', 'establishment']",6,point+of+interes
49,Museo del Oro,OPERATIONAL,"Cra. 6 #15-88, Bogotá, Cundinamarca, Colombia",ChIJzXwPxqaZP44R7VGgkWDNj8E,4.6016886,-74.07188529999999,4.7,"['museum', 'tourist_attraction', 'point_of_interest', 'establishment']",28440,point+of+interes
50,Parque Nacional Enrique Olaya Herrera,OPERATIONAL,"Cl. 35 #3-50, Bogotá, Colombia",ChIJT3j00IeZP44RpQpxWMx8yx0,4.6238755,-74.06306889999999,4.5,"['tourist_attraction', 'park', 'point_of_interest', 'establishment']",17962,point+of+interes
51,Parque de Los Periodistas Gabriel García Márquez,OPERATIONAL,"Bogotá, Colombia",ChIJl2VYcqSZP44RWnsvPO9uglk,4.6012192,-74.06948090000002,4.2,"['park', 'tourist_attraction', 'point_of_interest', 'establishment']",13163,point+of+interes
52,ProColombia,OPERATIONAL,"Cl. 28 ##13A-24, Bogotá, Colombia",ChIJEdZIusOYP44Rd8YlLCRdSBQ,4.6173267,-74.0710265,4.3,"['tourist_attraction', 'point_of_interest', 'establishment']",30,point+of+interes
53,Presidencia de la República de Colombia,OPERATIONAL,"Cra. 8 ## 7 - 26, Bogotá, Cundinamarca, Colombia",ChIJp_l-ogeZP44R5lkZJLO07t8,4.5955451,-74.0775434,4.4,"['tourist_attraction', 'point_of_interest', 'establishment']",494,point+of+interes
54,Parque Mundo Aventura,OPERATIONAL,"Cr 71D # 1-14 Sur, Bogotá, Cundinamarca, Colombia",ChIJW-NLkaWeP44RK5Vajmz1JME,4.6220374,-74.134924,4.3,"['amusement_park', 'tourist_attraction', 'point_of_interest', 'establishment']",25588,point+of+interes
55,Maloka Museo Interactivo,OPERATIONAL,"Cra. 68d #No 24A - 51, Bogotá, Colombia",ChIJvT-ZVJCbP44RkmHezHMdjpM,4.6550752,-74.1093576,4.3,"['tourist_attraction', 'museum', 'point_of_interest', 'establishment']",9745,point+of+interes
56,Museo de La Salle Bogotá,OPERATIONAL,"Carrera 2 # 10-70, Edificio Museo de la Salle, Bogotá, Cundinamarca, Colombia",ChIJO1vjKq-ZP44RST-JCuO_z1k,4.594443,-74.071002,4.7,"['museum', 'tourist_attraction', 'point_of_interest', 'establishment']",273,point+of+interes
57,Parque El Lago (Parque De Los Novios),OPERATIONAL,"Cl. 63 #45-10, Bogotá, Colombia",ChIJl5vN4LObP44RfQjTCGvSWG4,4.6547573,-74.08122019999999,4.6,"['park', 'tourist_attraction', 'point_of_interest', 'establishment']",17452,point+of+interes
58,Casa Natal de Rufino José Cuervo (Instituto Caro y Cuervo),OPERATIONAL,"69, Cl. 10 #4, La Candelaria, Bogotá, Colombia",ChIJKTURiaiZP44RpBv-Q118CsA,4.5960285,-74.0738207,4.9,"['point_of_interest', 'establishment']",10,point+of+interes
59,Catedral Primada de Colombia,OPERATIONAL,"Cra. 7 #11-10, La Candelaria, Bogotá, Colombia",ChIJj-XP7KeZP44RggthLR2n4rI,4.597280599999999,-74.0747822,4.7,"['tourist_attraction', 'church', 'place_of_worship', 'point_of_interest', 'establishment']",1958,point+of+interes
60,Knightsbridge Schools International Bogotá,OPERATIONAL,"Vereda Recodo de Guaymaral, Cl. 221 ##115-51, Bogotá, Colombia",ChIJRU9hpBGGP44RO-MtOohh2V0,4.805909,-74.075302,4.8,"['school', 'primary_school', 'secondary_school', 'point_of_interest', 'establishment']",33,school
61,Colegio The English School,OPERATIONAL,"D.C, Bogotá, Colombia",ChIJB-1MmYOFP44RlXyGQddJCCs,4.7499159,-74.038449,4.5,"['school', 'point_of_interest', 'establishment']",53,school
62,Colegio Gran Bretaña,OPERATIONAL,"Cra. 51 ## 215 - 20, Bogotá, Colombia",ChIJrQ93fQ6GP44R4QZAPXvZfhs,4.7934578,-74.04700389999999,4.6,"['school', 'primary_school', 'secondary_school', 'point_of_interest', 'establishment']",29,school
63,Colegio Anglo Colombiano,OPERATIONAL,"Av. 19 # 152 a 48, Bogotá, Cundinamarca, Colombia",ChIJVVVV8W-FP44Ry2UV7wipkJ4,4.734873299999999,-74.04213,4.4,"['school', 'point_of_interest', 'establishment']",40,school
64,Colegio Nueva Granada,OPERATIONAL,"Cra. 2 Este #70-20, Bogotá, Colombia",ChIJqSx4BmuaP44RmZr1CsGUzMw,4.6478177,-74.0506161,4.2,"['school', 'point_of_interest', 'establishment']",59,school
65,Colegio Bilingüe Buckingham,OPERATIONAL,"Cra 52 No. 214 - 55, Bogotá, Colombia",ChIJlT4_QQyGP44RlYUcxzHQvZg,4.792483799999999,-74.049257,4.6,"['school', 'point_of_interest', 'establishment']",28,school
66,Holberton School Bogotá,OPERATIONAL,"Cra. 7 ##69-17, Bogotá, Colombia",ChIJzzpSfP6bP44R9bBCb_jK_hA,4.6519825,-74.0574529,4.6,"['school', 'point_of_interest', 'establishment']",5,school
67,Colegio Cambridge Admisiones,OPERATIONAL,"ACCESS CENTRO EMPRESARIAL, Cl. 127A #No 7 - 19 Oficina 506, Bogotá, Cundinamarca, Colombia",ChIJxVI6gUCPP44RqTEKb3HkVk4,4.7034296,-74.0289234,4.4,"['secondary_school', 'school', 'point_of_interest', 'establishment']",40,school
68,Colegio Americano de Bogotá,OPERATIONAL,"Cra. 22 #45a51, Bogotá, Cundinamarca, Colombia",ChIJBbbfAy2aP44RpuPHMIPLZ1o,4.634484899999999,-74.0744346,4.4,"['secondary_school', 'primary_school', 'university', 'school', 'point_of_interest', 'establishment']",94,school
69,Cambridge Kindergarten,OPERATIONAL,"Cl. 175 #No 78-26, Bogotá, Cundinamarca, Colombia",ChIJYTOjG8iFP44RtOBVtrlVI0Q,4.766761799999999,-74.066225,4.8,"['point_of_interest', 'establishment']",6,school
70,Curso bogota,OPERATIONAL,"Cra. 53 #102a-99 a 102a, 1, Bogotá, Colombia",ChIJD5msyyibP44RpoMvD2Mm0wo,4.6902825,-74.0628169,0.0,"['school', 'point_of_interest', 'establishment']",0,school
71,Whee Institute - Learn Spanish in Bogota,OPERATIONAL,"Dg. 33 Bis A #1516, Bogotá, Cundinamarca, Colombia",ChIJxcqocy2aP44R52c9C0N158s,4.622069,-74.070833,5.0,"['point_of_interest', 'establishment']",75,school
72,Colegio San Jorge de Inglaterra,OPERATIONAL,"Cra. 92 ## 156 - 88, Suba, Bogotá, Colombia",ChIJk1qKdVSEP44RSbEKtitEMCA,4.7520568,-74.081414,4.6,"['school', 'point_of_interest', 'establishment']",61,school
73,Colegio Montessori British School,OPERATIONAL,"Cl. 128 ## 72 - 80, Bogotá, Cundinamarca, Colombia",ChIJs3s-99eEP44RaxrzUl82TLM,4.7163165,-74.0782603,3.9,"['secondary_school', 'school', 'point_of_interest', 'establishment']",50,school
74,Colegio Bilingue Richmond,OPERATIONAL,"Carrera 53 #222-76 Norte de, Bogotá, Cundinamarca, Colombia",ChIJ9ZEMyBCGP44R1XxGUjMG22c,4.800716299999999,-74.04405849999999,3.9,"['school', 'point_of_interest', 'establishment']",41,school
75,The Victoria School,OPERATIONAL,"Bogotá, Cundinamarca, Colombia",ChIJOX2kaA6GP44RPSd_Qs5NY2k,4.7935606,-74.0463757,4.7,"['school', 'point_of_interest', 'establishment']",19,school
76,Colegio Bilingüe Clermont,OPERATIONAL,"Transversal 80 ##213a-17, Bogotá, Colombia",ChIJ3RXMv3GGP44RkcsTANcJB4M,4.794904799999999,-74.0610052,4.4,"['school', 'point_of_interest', 'establishment']",23,school
77,Colegio Abraham Lincoln - Primaria,OPERATIONAL,"Cl. 170 ## 51 A 81, Bogotá, Colombia",ChIJ9yJGuZiFP44RuBJThG7RpnU,4.7526898,-74.05243829999999,4.6,"['school', 'point_of_interest', 'establishment']",9,school
78,Colegio Helvetia,OPERATIONAL,"Calle 128#71A-91, Bogotá, Colombia",ChIJgdjAOyiFP44RXArb_soWQe0,4.714818,-74.0762374,4.3,"['school', 'point_of_interest', 'establishment']",31,school
79,Esden Business School,OPERATIONAL,"Cl. 93 ##12-45, Bogotá, Colombia",ChIJ4Z4o7POaP44Rp0MPvpod4Ao,4.675163299999999,-74.0494077,5.0,"['university', 'school', 'point_of_interest', 'establishment']",1,school
80,Colegio Colombo Americano,OPERATIONAL,"Cra. 73 ##214-53, Bogotá, Cundinamarca, Colombia",ChIJ16bbBG6GP44RmWVPDQkJhS4,4.7965333,-74.0592096,4.1,"['school', 'point_of_interest', 'establishment']",47,school
81,MonteHelena Bilingual School - Elementary School,OPERATIONAL,"Cra. 15 ## 54-14, Bogotá, Colombia",ChIJczBmzDCaP44R_At4LOGJagI,4.641516699999999,-74.067093,4.4,"['primary_school', 'university', 'school', 'point_of_interest', 'establishment']",25,school
82,Petschool bogota,OPERATIONAL,"Cra. 17 ## 146- 47, Bogotá, Colombia",ChIJJzCEw0qFP44R5O48PoXUHt0,4.7288106,-74.043809,2.6,"['university', 'point_of_interest', 'establishment']",5,school
83,American School Way,OPERATIONAL,"Av. Jimenez De Quesada #7-31, Bogotá, Colombia",ChIJH0Jq0aaZP44RRiU_zlsY-oQ,4.6014503,-74.073897,5.0,"['school', 'point_of_interest', 'establishment']",2,school
84,Colegio Abraham Lincoln - Sede Bachillerato,OPERATIONAL,"Cl. 170 ##65-31, Bogotá, Colombia",ChIJC11LuZiFP44RVBy2odWWKnY,4.7561453,-74.0607647,4.2,"['school', 'point_of_interest', 'establishment']",48,school
85,GEORGE WASHINGTON SCHOOL SEDE A,OPERATIONAL,"Cra. 8c #185A - 18, Bogotá, Colombia",ChIJGS6e2GGPP44RbGNWjRfONgM,4.762154499999999,-74.03000949999999,4.5,"['primary_school', 'secondary_school', 'school', 'point_of_interest', 'establishment']",35,school
86,AMERICANO,OPERATIONAL,"Cra. 73 #16353 # 214, Bogotá, Colombia",ChIJU2M_j6iFP44Ro23jdPd-fYI,4.7492415,-74.06608899999999,4.0,"['school', 'point_of_interest', 'establishment']",1,school
87,✅ Escuela de Futbol Inter de Bogotá ⚽,OPERATIONAL,"Cra. 16b ##148 - 25, Bogotá, Colombia",ChIJEw-fTG-FP44Rrsu0dKpl8Dc,4.7310926,-74.0431,5.0,"['school', 'point_of_interest', 'establishment']",28,school
88,Colegio Abraham Lincoln Sede Preescolar,OPERATIONAL,"Bogotá, Colombia",ChIJzUgIUciFP44R5PNwN6bTRSA,4.765601000000001,-74.0575605,5.0,"['school', 'point_of_interest', 'establishment']",1,school
89,Colegios Colombia,OPERATIONAL,"Cl. 120 ## 60-30 Ofc 102, Bogotá, Colombia",ChIJcRYrqdSaP44RrUGlAcyK9nc,4.70608,-74.07149679999999,3.7,"['school', 'point_of_interest', 'establishment']",3,school
90,Seeking English Bogotá,OPERATIONAL,"Tv. 19a ##98-28, Bogotá, Cundinamarca, Colombia",ChIJFXCwTpWaP44RqbUeU6yF1MQ,4.6852312,-74.05301419999999,5.0,"['school', 'point_of_interest', 'establishment']",9,school
91,Colegio Gimnasio Americano,OPERATIONAL,"Cl. 71 ##14-72, Bogotá, Colombia",ChIJ0QHl5bSbP44R3-koegQ-JfI,4.6585252,-74.0625484,0.0,"['school', 'point_of_interest', 'establishment']",0,school
92,Entrada Principal Montessori British School,OPERATIONAL,"Cl. 128a ## 72 - 59, Bogotá, Colombia",ChIJpZ8qF1KFP44RdIvhpKRM8LM,4.7169909,-74.0763803,0.0,"['school', 'point_of_interest', 'establishment']",0,school
93,Colegio San Mateo,OPERATIONAL,"Calle 215 # 50-24 Bogota Cundinamara, Colombia",ChIJV-vd_g6GP44RVDuub7kO1ng,4.7930673,-74.0460791,4.2,"['school', 'point_of_interest', 'establishment']",28,school
94,Deejay Academy Bogotá,OPERATIONAL,"Cl. 134a #19a53, Bogotá, Bogota, Cundinamrca, Colombia",ChIJyWu2nEaFP44RhX93up20Vic,4.719250499999999,-74.04844299999999,4.8,"['point_of_interest', 'establishment']",48,school
95,International Dialogic School,OPERATIONAL,"Calle 117 No 70g-39, Bogotá, Cundinamarca, Colombia",ChIJQYUtg1ybP44RH_NZfQHlXwk,4.699950299999999,-74.0759789,0.0,"['school', 'point_of_interest', 'establishment']",0,school
96,Holberton School Bogotá,OPERATIONAL,"Cl. 70a ##5-67, Bogotá, Colombia",ChIJIQE3ZcqbP44ReIut-KN0hv0,4.6530151,-74.0550878,5.0,"['school', 'point_of_interest', 'establishment']",1,school
97,U 80,OPERATIONAL,"Bogotá, Colombia",ChIJBUExziyFP44RIw3T9UY35cE,4.710988599999999,-74.072092,0.0,"['school', 'point_of_interest', 'establishment']",0,school
98,Rosario,OPERATIONAL,"Ak. 24 #6399 #63c-1 a, Bogotá, Colombia",ChIJXeBWMkyaP44RopN-fALpfgo,4.653978,-74.0720199,5.0,"['school', 'point_of_interest', 'establishment']",2,school
99,Colegio Moderno John Dewey,OPERATIONAL,"Tv. 54 ## 111 – 85, Bogotá, Cundinamarca, Colombia",ChIJj779ys-aP44RmvRaN1se0_s,4.6986389,-74.0640684,3.8,"['school', 'point_of_interest', 'establishment']",5,school
100,Terminal de Transportes de Bogota,OPERATIONAL,"Bogotá, Colombia",ChIJRxnQWY6bP44R5Z2gpyRZ0mM,4.654476799999999,-74.1149622,5.0,"['bus_station', 'transit_station', 'point_of_interest', 'establishment']",2,transit+station
101,Estación de Tren Usaquén,OPERATIONAL,"Avenida Carrera 9, Bogotá, Colombia",ChIJl2DgiaOaP44ROofm3aihzBU,4.690693,-74.03778319999999,4.4,"['train_station', 'transit_station', 'point_of_interest', 'establishment']",93,transit+station
102,AC 80 - Kr 84,OPERATIONAL,"Bogotá, Colombia",ChIJJ2ea4jWbP44RbZCEsla4Tbk,4.7022143,-74.0996052,3.0,"['transit_station', 'point_of_interest', 'establishment']",3,transit+station
103,Terminal del Norte Bogota,OPERATIONAL,"Bogotá, Colombia",ChIJXe4Q-u2FP44Ruav9tnwPAEk,4.7702141,-74.0421834,3.9,"['bus_station', 'transit_station', 'point_of_interest', 'establishment']",32,transit+station
104,Flota La Macarena Agencia Ac80,OPERATIONAL,"Diagonal 79c #41, Bogotá, Colombia",ChIJG2XT1jqbP44RuZMPh6Opj7E,4.694773,-74.089283,0.0,"['transit_station', 'point_of_interest', 'establishment']",0,transit+station
105,Paradero Cootranspensilvania,OPERATIONAL,"32, Cra. 93 #68A, Engativá, Bogotá, Colombia",ChIJaY8P4lqbP44RDWCh8YfWKqs,4.6950772,-74.1141336,0.0,"['transit_station', 'point_of_interest', 'establishment']",0,transit+station
106,Kr 93 - Cl 128,OPERATIONAL,"Bogotá, Bogota, Bogota D.C., Colombia",ChIJ6-GWdcSEP44RlKHJyiSvko0,4.7219817,-74.0929295,0.0,"['transit_station', 'point_of_interest', 'establishment']",0,transit+station
107,Parada de Bus Intermunicipal Transoriente,OPERATIONAL,"Ac. 6 #28, Bogotá, Colombia",ChIJsVtMdw-ZP44Rp0p6weUBXas,4.597799999999999,-74.085467,2.6,"['transit_station', 'point_of_interest', 'establishment']",8,transit+station
108,Estación Museo Nacional,OPERATIONAL,"museo nacional, Bogotá, Colombia",ChIJ1WrcPJuZP44RP1R9DwSdEco,4.6156175,-74.069007,3.7,"['museum', 'transit_station', 'point_of_interest', 'establishment']",183,transit+station
109,Estación Pepe Sierra,OPERATIONAL,"Av Calle 116 ##25-26/30, Suba, Bogotá, Colombia",ChIJYfYwSciaP44RilinGHCevZI,4.6987949,-74.0552503,3.7,"['bank', 'finance', 'transit_station', 'point_of_interest', 'establishment']",27,transit+station
110,Paradero De Buses Empresa Vecinal De Suba S.A,OPERATIONAL,"Cra. 129 #132-20, Suba, Bogotá, Colombia",ChIJ0wwzloWEP44Rhr1FcH4DdHA,4.7407762,-74.1136558,1.0,"['transit_station', 'point_of_interest', 'establishment']",1,transit+station
111,Modelia,OPERATIONAL,"Ac. 26, Engativá, Bogotá, Colombia",ChIJE9Xgm3ubP44RoE3UGO1098w,4.674702,-74.116951,4.0,"['transit_station', 'point_of_interest', 'establishment']",41,transit+station
112,Paradero Pensilvania Kr84,OPERATIONAL,"Cra. 80, Bogotá, Colombia",ChIJbR2PqwGFP44RLm2wS0-1vVE,4.743857999999999,-74.074409,0.0,"['transit_station', 'point_of_interest', 'establishment']",0,transit+station
113,178A06_GM_Cámara de Comercio de Bogotá Sede Salitre,OPERATIONAL,"Bogotá, Colombia",ChIJVXfBFpqbP44RoYsnKCIdhQE,4.65846,-74.107367,0.0,"['transit_station', 'point_of_interest', 'establishment']",0,transit+station
114,Mazuren B - 4,OPERATIONAL,"Autopista, Bogotá, Colombia",ChIJk0y17G2FP44RVAinFC9fkes,4.7344974,-74.0492426,3.1,"['transit_station', 'point_of_interest', 'establishment']",15,transit+station
115,Transmilenio Calle 34,OPERATIONAL,"Cl. 12 #1320, Bogotá, Colombia",ChIJV-rPGISZP44Rg9JMU_2sS8w,4.621390799999999,-74.06979989999999,3.1,"['transit_station', 'point_of_interest', 'establishment']",1308,transit+station
116,La Castellana,OPERATIONAL,"Ak 30 #86A -31, Bogotá, Colombia",ChIJmfvUI_CaP44RICPvUKsmE9E,4.67608,-74.0636,3.5,"['transit_station', 'point_of_interest', 'establishment']",412,transit+station
117,Estación de la Sabana,OPERATIONAL,"Bogotá, Colombia",ChIJ46AjUnOZP44RJ15yf_2dve0,4.60733,-74.08350999999999,4.4,"['train_station', 'transit_station', 'point_of_interest', 'establishment']",20,transit+station
118,Toberin,OPERATIONAL,"Bogotá, Colombia",ChIJv5KM0Z2FP44ROHNoGjkPWW8,4.7480799,-74.0469659,3.0,"['transit_station', 'point_of_interest', 'establishment']",1,transit+station
119,Av. Boyacá - KR 4,OPERATIONAL,"Bogotá, Colombia",ChIJiYIaWoqhP44RhW9kxKW9AAM,4.5254865,-74.126143,0.0,"['transit_station', 'point_of_interest', 'establishment']",0,transit+station
120,Stark Smart Gym,OPERATIONAL,"Cl 127 #7 - 12 Piso 3, Bogotá, Colombia",ChIJo8MlZgCQP44RaQl2b_EfflY,4.703793399999999,-74.02895099999999,4.5,"['gym', 'health', 'point_of_interest', 'establishment']",281,gym
121,Athletic gym Salitre,OPERATIONAL,"Ak 68 ##22-45, Bogotá, Colombia",ChIJvV0ET-ybP44RvYgC3PQ6xnE,4.646718,-74.1095404,4.6,"['gym', 'health', 'point_of_interest', 'establishment']",370,gym
122,Healthy Gym,OPERATIONAL,"Cra. 13 ##58-24, Bogotá, Colombia",ChIJm6LTOziaP44RBbz81OpmB9I,4.6448139,-74.064234,4.5,"['gym', 'health', 'point_of_interest', 'establishment']",307,gym
123,GO GYM BOGOTA,OPERATIONAL,"Cl. 20a #96b31, Bogotá, Colombia",ChIJdbllS4icP44RhIDVIvbCTr4,4.6696832,-74.1385552,4.6,"['gym', 'health', 'point_of_interest', 'establishment']",101,gym
124,Hard Body 170 | Gimnasios en el norte de Bogotá,OPERATIONAL,"Cl 169B ##67-61, Bogotá, Cundinamarca, Colombia",ChIJhbxLEaWFP44RsIDeE2ucweg,4.7546542,-74.0633341,3.9,"['gym', 'health', 'point_of_interest', 'establishment']",272,gym
125,"Hard Body 147 | Ejercicio físico, entrenamientos y rutinas de gimnasio",OPERATIONAL,"Cra. 7 #146-90, Bogotá, Cundinamarca, Colombia",ChIJka-SqfWPP44RwecnCqqvBfc,4.7229005,-74.02729459999999,4.1,"['gym', 'health', 'point_of_interest', 'establishment']",723,gym
126,Stark Smart Gym 134,OPERATIONAL,"Carrera 57 Nº 133-20, Bogotá, Colombia",ChIJ2SnE1jyFP44RlMFHPqf1cUE,4.7231138,-74.0643323,4.6,"['gym', 'health', 'point_of_interest', 'establishment']",253,gym
127,Stark Smart Gym Cl 43,OPERATIONAL,"Cra. 7 #43-53, Bogotá, Colombia",ChIJmROeGiaaP44RRS2ovct4ABc,4.6308386,-74.0645933,4.5,"['gym', 'health', 'point_of_interest', 'establishment']",364,gym
128,Athletic HUB 72,OPERATIONAL,"Cra. 26 ##71b-30, Bogotá, Colombia",ChIJGwuMKaubP44R-xFCut5CCvc,4.662480299999999,-74.0676859,4.6,"['gym', 'health', 'point_of_interest', 'establishment']",242,gym
129,BOGOTA FITNESS CLUB,OPERATIONAL,"57, Bogotá, Colombia",ChIJ2b40k_uFP44Rh0KOnlVAHEo,4.7436657,-74.1078453,4.7,"['gym', 'health', 'point_of_interest', 'establishment']",23,gym
130,Fitness24Seven,OPERATIONAL,"Cl. 66 #No. 13-45, Bogotá, Colombia",ChIJG_DFuEWaP44Rwzjsueo1x0A,4.6527731,-74.0635133,4.6,"['gym', 'spa', 'health', 'point_of_interest', 'establishment']",139,gym
131,BODY TOWN fitness mall,OPERATIONAL,"Cl. 136 #19-33, Bogotá, Colombia",ChIJF_vaHkSFP44R_lKcGBLjnMo,4.7203503,-74.0471678,4.3,"['gym', 'health', 'point_of_interest', 'establishment']",39,gym
132,Spinning Center Gym Unicentro de Occidente,OPERATIONAL,"Cra. 111c #86 - 05, Bogotá, Cundinamarca, Colombia",ChIJDyJ8eaOEP44RV9diEKvttK0,4.7223625,-74.1143898,3.6,"['gym', 'health', 'point_of_interest', 'establishment']",77,gym
133,Gimnasio people training sas.,OPERATIONAL,"Cl. 19 #6-39, Bogotá, Colombia",ChIJoQ8fiaGZP44RcR0nipntegk,4.6049188,-74.0714947,4.2,"['gym', 'health', 'point_of_interest', 'establishment']",101,gym
134,Sport Fitness Gym,OPERATIONAL,"Cl. 72 ##100A-38, Bogotá, Colombia",ChIJf_zblVObP44RoK_ziYitUTQ,4.703997999999999,-74.11683579999999,4.3,"['gym', 'health', 'point_of_interest', 'establishment']",120,gym
135,Smart Fit Calle 85 Cabrera,OPERATIONAL,"Ac. 85 ##14-5, Bogotá, Colombia",ChIJb14VxPSaP44Rct31HesfJ-k,4.6696049,-74.05466330000002,4.5,"['gym', 'health', 'point_of_interest', 'establishment']",349,gym
136,Alternative Training Gym,OPERATIONAL,"Ak. 19 #14773, Bogotá, Colombia",ChIJQ98_LmmFP44RPwYjfBbB7Vw,4.7304569,-74.045379,4.6,"['gym', 'health', 'point_of_interest', 'establishment']",36,gym
137,POWER TRAINER GYM,OPERATIONAL,"Cl. 78 #29B-36B, Barrios Unidos, Bogotá, Colombia",ChIJ-7Q8Y_maP44RZeXvasVAqfQ,4.6703872,-74.0702993,4.6,"['gym', 'health', 'point_of_interest', 'establishment']",42,gym
138,Fit For All Calle 94,OPERATIONAL,"Cl. 94 ## 13 - 11, Bogotá, Cundinamarca, Colombia",ChIJecViMZKaP44RbtXTAbRrjuo,4.678236099999999,-74.0486917,4.5,"['gym', 'health', 'point_of_interest', 'establishment']",214,gym
139,Health & Life Gym.,OPERATIONAL,"Cl. 7a Sur, #3a5, Bogotá, Colombia",ChIJoxAotPiZP44Rj3_LdOkFKyE,4.5789617,-74.0819805,4.7,"['gym', 'health', 'point_of_interest', 'establishment']",188,gym
140,Gasolina,OPERATIONAL,"Ak 30 #19, Bogotá, Colombia",ChIJzeNDc36ZP44RVdbVPjYnBos,4.625653,-74.0824487,0.0,"['fire_station', 'point_of_interest', 'establishment']",0,fire+station
141,estacion de bomberos central,OPERATIONAL,"Cl. 11 #20A-10, Bogotá, Colombia",ChIJ12nCTw2ZP44RDqO2XlqUVs4,4.6066085,-74.0879623,4.0,"['fire_station', 'point_of_interest', 'establishment']",7,fire+station
142,Estacion de Bomberos Ferias - La Granja B7,OPERATIONAL,"Cl. 77a ##77-28, Bogotá, Colombia",ChIJSXpm0H6bP44RFU5Fn8bn2XQ,4.6964947,-74.09556649999999,4.0,"['fire_station', 'point_of_interest', 'establishment']",1,fire+station
143,Dirección Nacional de Bomberos de Colombia,OPERATIONAL,"Ac. 26 #No. 85B - 09 Piso 7, Bogotá, Colombia",ChIJJ2JxovqaP44R58iprPKBXeo,4.675718199999999,-74.11862459999999,4.3,"['fire_station', 'point_of_interest', 'establishment']",14,fire+station
144,Estacion De Bomberos Las Ferias,OPERATIONAL,"Cra. 69j #72-61, Bogotá, Colombia",ChIJayjBQRebP44Rpa09AsxH3rI,4.683185,-74.08997099999999,4.3,"['fire_station', 'point_of_interest', 'establishment']",14,fire+station
145,Estación de Bomberos Chapinero,OPERATIONAL,"Cra. 9a #61-75, Comuna Chapinero, Bogotá, Colombia",ChIJDbKYoEeaP44R8WlUHAa2rCs,4.6479512,-74.0623864,4.5,"['fire_station', 'point_of_interest', 'establishment']",13,fire+station
146,Bomberos Candelaria,OPERATIONAL,"Cl. 9, Bogotá, Colombia",ChIJaQh3HayZP44RSSNx8RSQG70,4.5921407,-74.0699886,3.6,"['fire_station', 'point_of_interest', 'establishment']",8,fire+station
147,Estación Décima Primera Suba,OPERATIONAL,"Cl. 146c #92404, Bogotá, Colombia",ChIJz3cH0PuEP44ReI1PrfI1dxg,4.74122,-74.08509,4.6,"['fire_station', 'point_of_interest', 'establishment']",5,fire+station
148,Estación de Bomberos Venecia,OPERATIONAL,"Cra. 52A, Bogotá, Colombia",ChIJVw3d2dmeP44Rf4Ipvonuo7Q,4.5912592,-74.1358936,5.0,"['fire_station', 'point_of_interest', 'establishment']",11,fire+station
149,Cuerpo de Bomberos Chapinero,OPERATIONAL,"Cra. 9a #6177, Bogotá, Colombia",ChIJ_UVDoEeaP44RlaXJH49sBeo,4.647806999999999,-74.0624349,0.0,"['fire_station', 'point_of_interest', 'establishment']",0,fire+station
150,Estación de Bomberos - SEI NORTE,OPERATIONAL,"Fontibón, Bogotá, Colombia",ChIJjT0BQ9-dP44RmzXjeShgXAI,4.7025095,-74.1430532,0.0,"['fire_station', 'point_of_interest', 'establishment']",0,fire+station
151,Unidad Administrativa Cuerpo Oficial de Bomberos de Bogotá D.C.,OPERATIONAL,"Cl. 20 ##68A-06, Bogotá, Colombia",ChIJv6Y2_4SZP44RWH_nI8kb9zA,4.645281499999999,-74.11306359999999,4.1,"['fire_station', 'point_of_interest', 'establishment']",13,fire+station
152,Estación de Bomberos Garces Navas,OPERATIONAL,"Cra. 110 #24, Bogotá, Colombia",ChIJ3RXaC6mEP44RRyGQGKWoNJc,4.714216,-74.120825,4.4,"['fire_station', 'point_of_interest', 'establishment']",14,fire+station
153,Estación de Bomberos Norte B-1,OPERATIONAL,"Cra. 8 #63-31, Bogotá, Colombia",ChIJIWNOp0eaP44RGy5SLDQCEEY,4.6487509,-74.06093589999999,5.0,"['fire_station', 'point_of_interest', 'establishment']",1,fire+station
154,Estacion de Bomberos Bosa b-8,OPERATIONAL,"Cl. 63 Sur #80 K-15, Bosa, Bogotá, Colombia",ChIJTQrhs2meP44RlignTdB7bX0,4.610981199999999,-74.1860248,4.3,"['fire_station', 'point_of_interest', 'establishment']",15,fire+station
155,Estación de Bomberos Central la Pepita,OPERATIONAL,"Cl. 12 #1837, Bogotá, Colombia",ChIJl6mLRQ2ZP44RtNRf8cIhU3c,4.6066468,-74.0878681,5.0,"['fire_station', 'point_of_interest', 'establishment']",1,fire+station
156,Estacion Bomberos Restrepo,OPERATIONAL,"Cra. 27 #19S-25, Bogotá, Colombia",ChIJyYtEGieZP44RlddJ9q1PdeY,4.5895037,-74.10816729999999,4.0,"['fire_station', 'point_of_interest', 'establishment']",13,fire+station
157,Bomberos,OPERATIONAL,"Fontibón, Bogotá, Colombia",ChIJy2wrvLacP44RxYWr4df2l2k,4.7022812,-74.1428896,0.0,"['fire_station', 'point_of_interest', 'establishment']",0,fire+station
158,Estación De Bomberos B13 Caobos,OPERATIONAL,"Cl. 147 #14b35, Bogotá, Cundinamarca, Colombia",ChIJRyMvNWaFP44R3fzXUji-Agw,4.7284522,-74.0405313,5.0,"['fire_station', 'point_of_interest', 'establishment']",3,fire+station
159,Bomberos Caobos Salazar,OPERATIONAL,"Cra. 14b #1465, Bogotá, Colombia",ChIJ36bXy2eFP44RxjMYGmIhuMY,4.727977,-74.0405178,4.0,"['fire_station', 'point_of_interest', 'establishment']",4,fire+station
160,Banco de Bogotá,OPERATIONAL,"Av Suba #115-32, Suba, Bogotá, Colombia",ChIJ-_vp5tCaP44RcEl65oV4yFk,4.6986893,-74.0694202,4.5,"['bank', 'finance', 'point_of_interest', 'establishment']",4,bank
161,World Bank,OPERATIONAL,"Cra. 7 #71 - 21, Bogotá, Colombia",ChIJRblD5UKaP44RDhMcut4-oOc,4.654619299999999,-74.05581620000001,5.0,"['bank', 'finance', 'point_of_interest', 'establishment']",2,bank
162,Banco de Bogotá,OPERATIONAL,"Ak. 19 #114-09, Usaquén, Bogotá, Colombia",ChIJia9RdLeaP44RevUTNP_fp9M,4.6971723,-74.05037469999999,5.0,"['bank', 'finance', 'point_of_interest', 'establishment']",1,bank
163,Banco De Bogotá,OPERATIONAL,"Ak. 19 #10437, Bogotá, Colombia",ChIJvx1ZML-aP44ROBiblBz7au8,4.6905877,-74.0515246,4.7,"['bank', 'finance', 'point_of_interest', 'establishment']",3,bank
164,Helm bank,OPERATIONAL,"Por Calle 45, Cra. 13 #9-81, Bogotá, Colombia",ChIJhTDlQy-aP44RG3cljWIlqlE,4.6325528,-74.0663249,3.9,"['bank', 'finance', 'point_of_interest', 'establishment']",13,bank
165,Banco De Bogotá,OPERATIONAL,"Ak. 15 #119-18, Usaquén, Bogotá, Colombia",ChIJiQckxLGaP44RAqd7yJC0T8U,4.699320600000001,-74.0428264,1.0,"['bank', 'finance', 'point_of_interest', 'establishment']",2,bank
166,Banco de Bogotá,OPERATIONAL,"Av. Boyacá, Bogotá, Cundinamarca, Colombia",ChIJh1R6_KWFP44R1fne1hVJSM4,4.75197,-74.06478000000001,4.2,"['bank', 'finance', 'point_of_interest', 'establishment']",13,bank
167,Banco de Bogotá,OPERATIONAL,"Carrera 15 N° 88-90 Parque El Virrey Local 101 Edificio Zimma, Bogotá, Colombia",ChIJCdnNMmabP44RQanJZDbq_ok,4.6742506,-74.0530655,0.0,"['bank', 'finance', 'point_of_interest', 'establishment']",0,bank
168,Banco de Bogotá,OPERATIONAL,"Calle 72 N° 13-25 Avenida Chile, Bogotá, Colombia",ChIJFyPobvubP44RMQoVEnBmY-A,4.678497,-74.08653000000001,1.0,"['bank', 'finance', 'point_of_interest', 'establishment']",1,bank
169,Banco de Bogotá,OPERATIONAL,"Ak. 24 #35 # 65, Bogotá, Colombia",ChIJeai6HFKaP44ReQcbKX1b5bI,4.6554833,-74.07180009999999,3.2,"['bank', 'atm', 'finance', 'point_of_interest', 'establishment']",5,bank
170,Banco de Bogota,OPERATIONAL,"Suba #101-56, Suba, Bogotá, Colombia",ChIJt31ZZvaEP44RG3H5HmfcFbc,4.744996599999999,-74.0934055,3.0,"['bank', 'finance', 'point_of_interest', 'establishment']",2,bank
171,Banco de Bogotá,OPERATIONAL,"Autopista Norte Calle 108 Centro Empresarial Paralelo 108, Bogotá, Colombia",ChIJ4R6p3seaP44Rg5Y1pTY3Xu0,4.6959821,-74.0551728,2.3,"['bank', 'finance', 'point_of_interest', 'establishment']",12,bank
172,Banco de Bogotá,OPERATIONAL,"Extensión de Caja Oficina Principal, Cl. 36 #N° 7-47 Piso 3, Bogotá, Colombia",ChIJzRCFbkqZP44RsxtnDsuqpyc,4.6235765,-74.06721019999999,4.3,"['bank', 'finance', 'point_of_interest', 'establishment']",4,bank
173,SANTANDER BANCA DE INVERSION COLOMBIA S.A.S,OPERATIONAL,"Cra. 11 #86-53, Bogotá, Colombia",ChIJealOBouaP44RuXDzMPqiWGU,4.6692088,-74.0507784,5.0,"['bank', 'finance', 'point_of_interest', 'establishment']",1,bank
174,Banco de Bogota Pepe Sierra,OPERATIONAL,"Av Calle 116 #N°18B - 26, Bogotá, Colombia",ChIJIxZB37aaP44RNvGdiyfCwhc,4.698485,-74.04897199999999,3.0,"['bank', 'finance', 'point_of_interest', 'establishment']",4,bank
175,Banco de Bogotá Kr 17,OPERATIONAL,"Cra. 17 #95, Bogotá, Colombia",ChIJy4BjpJWaP44RfsHwBT0my18,4.6844326,-74.0501046,5.0,"['bank', 'finance', 'point_of_interest', 'establishment']",1,bank
176,The Royal Bank of Scotland,OPERATIONAL,"Cra. 7 #11433, Bogotá, Colombia",ChIJm8yx96aaP44R1eRh1rTiThI,4.693063,-74.033834,5.0,"['bank', 'finance', 'point_of_interest', 'establishment']",3,bank
177,Banco de Bogotá Ak 45,OPERATIONAL,"Autopista Nte. #11865, Bogotá, Colombia",ChIJ6dzbi8maP44RkrxXmswy8fI,4.700962,-74.0553632,1.0,"['bank', 'finance', 'point_of_interest', 'establishment']",1,bank
178,Banco De Bogotá ATM,OPERATIONAL,"Ak. 15 #93-60, Bogotá, Colombia",ChIJnSzo7JKaP44RlnCT9iLog7s,4.677211799999999,-74.0515246,0.0,"['bank', 'atm', 'finance', 'point_of_interest', 'establishment']",0,bank
179,Banco de Bogotá Santa Ana,OPERATIONAL,"Cra. 7 #Local 4 # 114 - 33, Bogotá, Colombia",ChIJ1xxFX6aaP44RAwLKOxPfQIQ,4.693229,-74.03410819999999,3.5,"['bank', 'finance', 'point_of_interest', 'establishment']",2,bank
180,Estación de Policía 24 de Bogotá,OPERATIONAL,"Av. Caracas #651, Bogotá, Colombia",ChIJ4SxjQg-ZP44RPDdGI8Pedwo,4.5978238,-74.0843902,3.0,"['police', 'point_of_interest', 'establishment']",2,police
181,Estación de Policía Chapinero,OPERATIONAL,"Cra. 2 #55-4, Bogotá, Colombia",ChIJSzDonz6aP44RlPBChsrxBIQ,4.6416016,-74.058419,4.2,"['police', 'point_of_interest', 'establishment']",23,police
182,Estación Décima Cuarta Mártires,OPERATIONAL,"Cra. 24 #12-32, Los Mártires, Bogotá, Colombia",ChIJZaJbfW2ZP44RadWsfisAPV0,4.609013,-74.0889017,4.2,"['police', 'point_of_interest', 'establishment']",12,police
183,Estación de Policía,OPERATIONAL,"Cl. 41 Sur #2687, Bogotá, Colombia",ChIJ-SvvrNSYP44RLA453rMoXPI,4.58347,-74.12388,2.7,"['police', 'point_of_interest', 'establishment']",3,police
184,Coordinación de Inspección de Policía,OPERATIONAL,"Cl. 122 #7a57, Bogotá, Colombia",ChIJQ2cZtqmaP44R1bl06sOHDac,4.6984727,-74.031514,1.0,"['police', 'point_of_interest', 'establishment']",1,police
185,Estación de Policía Vigesima Segunda Regional,OPERATIONAL,"Cra. 7, Bogotá, Colombia",ChIJaSNMzgCZP44Rqq8f_p-p3Vs,4.5915213,-74.07902659999999,4.6,"['police', 'point_of_interest', 'establishment']",7,police
186,Estación de Policía Guaymaral,OPERATIONAL,"Bogotá, Colombia",ChIJr8COu1CGP44RLBKr5RMgdVQ,4.817292,-74.0700619,5.0,"['police', 'point_of_interest', 'establishment']",2,police
187,Estación de Policía Vi,OPERATIONAL,"Cl. 7 #1421, Bogotá, Colombia",ChIJIzpmFQ-ZP44ReD5rsBBQ8Pw,4.598437,-74.084394,0.0,"['police', 'point_of_interest', 'establishment']",0,police
188,Estación XV de Policia,OPERATIONAL,"Cra. 21 #19A-25, Antonio Nariño, Bogotá, Colombia",ChIJwV2gqN-YP44R_9ga76r1Etw,4.5856809,-74.1032388,0.0,"['police', 'point_of_interest', 'establishment']",0,police
189,Puesto de Control de La Policía,OPERATIONAL,"Bogotá, Cundinamarca, Colombia",ChIJuwvC-VaPP44RR-ZnT7xfaCg,4.778639099999999,-74.0262597,2.5,"['police', 'point_of_interest', 'establishment']",2,police
190,Vigésima Segunda Estación de Policía Terminal,OPERATIONAL,"Módulo 5 Zona de Descenso de Pasajeros, Bogotá, Cundinamarca, Colombia",ChIJk7LDAI-bP44RQn4zOkaYIM8,4.6511604,-74.1145688,3.6,"['police', 'point_of_interest', 'establishment']",5,police
191,Estación de Policía,OPERATIONAL,"Cl. 1a Bis #7b Este64, Bogotá, Colombia",ChIJRz3fxlaYP44RURWOAG-v_wg,4.580469,-74.072163,3.0,"['police', 'point_of_interest', 'establishment']",1,police
192,Centro Automarico de Despacho MEBOG,OPERATIONAL,"Cra. 9 #6-19, Bogotá, Soacha, Cundinamarca, Colombia",ChIJPala7waZP44RLYeIK-Ngsuo,4.5936299,-74.08067869999999,5.0,"['police', 'point_of_interest', 'establishment']",2,police
193,INSPECCION DE POLICIA CHAPINERO,OPERATIONAL,"Cl. 61, Santa Fé, Bogotá, Colombia",ChIJKxn6YUeaP44RDS0FQ6Lyqd8,4.6464522,-74.0611985,3.0,"['police', 'point_of_interest', 'establishment']",7,police
194,Estación de Policía El Campín,OPERATIONAL,"Ak 30 #57a8, Bogotá, Colombia",ChIJObWBQ7WbP44RVMd_VWc19rU,4.6475906,-74.0781007,4.7,"['police', 'point_of_interest', 'establishment']",9,police
195,CAI Bolivia,OPERATIONAL,"Cl. 7 #998, Bogotá, Colombia",ChIJkywiRQaZP44RtUeu1EAzuVM,4.595657999999999,-74.08031,3.5,"['police', 'point_of_interest', 'establishment']",4,police
196,SIJIN Seccional de Policía Judicial Metropolitana de Bogotá,OPERATIONAL,"Av. Caracas, Cl. 6, Bogotá, Colombia",ChIJv4EkcA-ZP44RkqXLvN20ZJg,4.597837999999999,-74.085122,4.1,"['police', 'point_of_interest', 'establishment']",10,police
197,Estación Decima Tercera Teusaquillo,OPERATIONAL,"Cra. 13 #39-86, Bogotá, Colombia",ChIJMzQJPSiaP44RiTGsj-Lnozw,4.6274993,-74.0670808,3.6,"['police', 'point_of_interest', 'establishment']",25,police
198,Policía Nacional Torca,OPERATIONAL,"Cl. 200, Bogotá, Colombia",ChIJeTdGBlePP44RH0dt0Yug5no,4.7773857,-74.0268384,5.0,"['police', 'point_of_interest', 'establishment']",2,police
199,Policia Castellana,OPERATIONAL,"Cra. 45a ##94-21, Bogotá, Colombia",ChIJFc5h5-uaP44RqZPDN3NDYR0,4.6825291,-74.058915,1.0,"['police', 'point_of_interest', 'establishment']",2,police
200,Casqua,OPERATIONAL,"Carrera 53B # 131A-85, Bogotá, Colombia",ChIJh4W-aqqFP44R_vAnK8hheDU,4.7202097,-74.05939889999999,5.0,"['meal_takeaway', 'restaurant', 'food', 'point_of_interest', 'establishment']",56,restaurant
201,Mini Mal,OPERATIONAL,"Tv. 4 Bis #57-52, Santa Fé, Bogotá, Colombia",ChIJDwjZRjmaP44RRiWg-C6GDjE,4.642456699999999,-74.0604273,4.7,"['cafe', 'restaurant', 'food', 'point_of_interest', 'establishment']",1271,restaurant
202,Osaka Bogota,OPERATIONAL,"Cra. 13, #8525, Bogotá, Colombia",ChIJlxMszfSaP44RkW1l_XWn5B0,4.669451,-74.05354729999999,4.7,"['restaurant', 'food', 'point_of_interest', 'establishment']",2196,restaurant
203,Factory Steak & Lobster Bogotá,OPERATIONAL,"Av. El Dorado ##69-59, Bogotá, Colombia",ChIJa3JrC-ibP44R3VaDsDfn--U,4.6594535,-74.10839299999999,4.9,"['restaurant', 'food', 'point_of_interest', 'establishment']",15,restaurant
204,Casa salvaje,OPERATIONAL,"Cl. 33a Sur ##78-5, Kennedy, Bogotá, Colombia",ChIJjXfIxiqfP44R-s8-ngrqFPg,4.6243359,-74.1474836,5.0,"['restaurant', 'food', 'point_of_interest', 'establishment']",113,restaurant
205,Cevicheria Bomba Camarón,OPERATIONAL,"Cl. 129 #58c-63 Local 1, Bogotá, Colombia",ChIJmW8hW-GFP44R1dwS6ARlWJg,4.7189283,-74.07127419999999,5.0,"['restaurant', 'food', 'point_of_interest', 'establishment']",20,restaurant
206,Capital cocina y café - Restaurante Bogotá,OPERATIONAL,"Cl. 10 ##2- 99, Bogotá, Cundinamarca, Colombia",ChIJreEUw6iZP44RaMpxIZgxLYY,4.5951458,-74.0723943,4.6,"['restaurant', 'bar', 'food', 'point_of_interest', 'establishment']",291,restaurant
207,La Provence de Andrei,OPERATIONAL,"Cra. 6 #117-44, Bogotá, Cundinamarca, Colombia",ChIJAdo37aeaP44RGNF7ffc-yF8,4.6943648,-74.0307833,4.7,"['restaurant', 'food', 'point_of_interest', 'establishment']",960,restaurant
208,Sudoku Sushi Gourmet Villas de Granada,OPERATIONAL,"Cl. 78 #112d-12 #, Bogotá, Colombia",ChIJz9Kso2aFP44RAU-e7Do-gqo,4.7182059,-74.1227482,5.0,"['restaurant', 'food', 'point_of_interest', 'establishment']",26,restaurant
209,Pizza Candelaria,OPERATIONAL,"Cra. 1 ##12-40, Bogotá, Colombia",ChIJURXNZ6-ZP44RFbrCKtTNFw4,4.5962256,-74.06943489999999,4.8,"['restaurant', 'food', 'point_of_interest', 'establishment']",235,restaurant
210,Restaurante Pajares Salinas,OPERATIONAL,"Cra. 10 ##96-8, Bogotá, Colombia",ChIJedCE-5CaP44RONFsVbZxyyU,4.6788516,-74.0441431,4.7,"['restaurant', 'food', 'point_of_interest', 'establishment']",831,restaurant
211,La Puerta Falsa,OPERATIONAL,"Cl. 11 #6-50, Bogotá, Colombia",ChIJybfDx6eZP44RYZ5QuXtKwG0,4.5980134,-74.0748138,4.5,"['restaurant', 'food', 'point_of_interest', 'establishment']",2886,restaurant
212,Matiz,OPERATIONAL,"Cl. 95 ###11a-17, Bogotá, Colombia",ChIJt9BEcpGaP44Rs4SDNtA5TAA,4.678975,-74.0464083,4.6,"['restaurant', 'food', 'point_of_interest', 'establishment']",705,restaurant
213,Le Specia restaurante,OPERATIONAL,"Calle 60a # 3d - 52, Bogotá, Cundinamarca, Colombia",ChIJk3zy9D2bP44RM-O2zfbITxo,4.644360799999999,-74.05818169999999,4.9,"['restaurant', 'food', 'point_of_interest', 'establishment']",88,restaurant
214,TAMARINE Bogotá,OPERATIONAL,"Calle 73 # 8-60 Dentro del Hotel JW Marriott Bogotá, Bogotá, Cundinamarca, Colombia",ChIJoQ1gMF2aP44RKU2h_ND5KUE,4.656809,-74.055537,4.7,"['restaurant', 'food', 'point_of_interest', 'establishment']",382,restaurant
215,The Market Bogotá,OPERATIONAL,"Cl. 73 ##8 60, Bogotá, Colombia",ChIJM-l9L12aP44RJUCs_3FRpjI,4.6569423,-74.0554736,4.6,"['restaurant', 'food', 'point_of_interest', 'establishment']",314,restaurant
216,LEO,CLOSED_TEMPORARILY,"Calle 27B #6-75, Pasaje Mompox, Centro Internacional, Bogotá, Colombia",ChIJf0x6pJuZP44RbF-3kBjiZLs,4.614454100000001,-74.06905330000001,4.5,"['restaurant', 'food', 'point_of_interest', 'establishment']",532,restaurant
217,Fulanitos Centro,OPERATIONAL,"Cl. 12 ##1-60, Bogotá, Colombia",ChIJkbmXHKmZP44ROFIadFI-es8,4.5963381,-74.0702183,4.4,"['restaurant', 'food', 'point_of_interest', 'establishment']",594,restaurant
218,La Ventana,OPERATIONAL,"Cra. 7 #No. 72 - 41, Bogotá, Colombia",ChIJDbFVyEKaP44R9vkvHhRIjGA,4.6559134,-74.0553742,4.6,"['restaurant', 'food', 'point_of_interest', 'establishment']",419,restaurant
219,La Castaña,OPERATIONAL,"Cra. 27a ## 77 29, Bogotá, Colombia",ChIJCZdBaTmaP44RzQBw5C0NTBw,4.6688092,-74.0659901,4.6,"['restaurant', 'food', 'point_of_interest', 'establishment']",690,restaurant
220,Centro Mayor Centro Comercial,OPERATIONAL,"Cl. 38A Sur ## 34d-51, Bogotá, Colombia",ChIJ6c60KCmZP44RhXZyVuQDn1M,4.5920951,-74.1239914,4.5,"['shopping_mall', 'point_of_interest', 'establishment']",68212,shopping_mall
221,FRANCICENTRO,OPERATIONAL,"Ak. 15 #104-76, Usaquén, Bogotá, Colombia",ChIJJUusPryaP44R4zzy7m_WJa0,4.689304,-74.046418,4.2,"['shopping_mall', 'point_of_interest', 'establishment']",154,shopping_mall
222,Centro Comercial Metrópolis,OPERATIONAL,"Ak 68 #75a-50, Bogotá, Colombia",ChIJvZtkCxybP44RkvsyzMsSPQg,4.6804301,-74.0820792,3.8,"['shopping_mall', 'movie_theater', 'electronics_store', 'furniture_store', 'home_goods_store', 'bar', 'restaurant', 'food', 'point_of_interest', 'clothing_store', 'store', 'establishment']",403,shopping_mall
223,MARBRAND Marketing Digital,OPERATIONAL,"Ak. 86, Engativá, Bogotá, Colombia",ChIJCWsfvkObP44RWW6sEnjmDkw,4.6911477,-74.1081262,3.1,"['shopping_mall', 'point_of_interest', 'establishment']",11,shopping_mall
224,Centro Comercial Autopista 184,OPERATIONAL,"Autopista Nte. ##86, Bogotá, Colombia",ChIJexq_LpKFP44RChLYP35p5y8,4.7612235,-74.0437338,4.3,"['shopping_mall', 'point_of_interest', 'establishment']",1150,shopping_mall
225,Centro Comercial Arizona,OPERATIONAL,"Cl 167 #58-60, Bogotá, Colombia",ChIJKwMqTaGFP44R4-Srzqhhvfs,4.7499845,-74.0596285,4.0,"['shopping_mall', 'point_of_interest', 'establishment']",1955,shopping_mall
226,Centro Comercial Caobos 147,OPERATIONAL,"Cl. 147 #17-95, Bogotá, Cundinamarca, Colombia",ChIJ-005GWmFP44RRvBNgbSz6VI,4.729199899999999,-74.0449501,4.1,"['shopping_mall', 'point_of_interest', 'establishment']",2777,shopping_mall
227,Full House Centro comercial de muebles y decoración para el hogar.,OPERATIONAL,"Autopista Nte. #195 - 64, Bogotá, Colombia",ChIJvYF_5O-FP44R7-pwywWDtQ0,4.774505,-74.04221100000001,4.2,"['shopping_mall', 'point_of_interest', 'establishment']",401,shopping_mall
228,Diconeg LTDA,OPERATIONAL,"Cl. 145b #48-12, Bogotá, Colombia",ChIJb_FhI2uFP44R6ur0iHkAEic,4.729094799999999,-74.0524059,4.0,"['shopping_mall', 'point_of_interest', 'establishment']",1,shopping_mall
229,Centro Comercial Mall 138,OPERATIONAL,"Cra. 59a #136-95, Bogotá, Cundinamarca, Colombia",ChIJUWaVABmFP44RXUHZPi04mmw,4.7293918,-74.0681716,4.2,"['shopping_mall', 'point_of_interest', 'establishment']",3344,shopping_mall
230,Conduexpress SAS,OPERATIONAL,"Cra. 71d #7623, Bogotá, Colombia",ChIJz9xZfDubP44RCC6Qg0H8n04,4.692212899999999,-74.09116,3.5,"['shopping_mall', 'point_of_interest', 'establishment']",23,shopping_mall
231,Centro Comercial Subazar,OPERATIONAL,"Cl. 145 #91-34, Bogotá, Cundinamarca, Colombia",ChIJK1GAGPuEP44Rh3KnMKbHZ0k,4.738654599999999,-74.0851418,4.0,"['shopping_mall', 'point_of_interest', 'establishment']",9319,shopping_mall
232,Enamorarte Tienda de Regalos,OPERATIONAL,"Cl. 130 #58-20, Bogotá, Colombia",ChIJqdMrXySFP44RwtvJQP3jdic,4.7198992,-74.0683701,1.0,"['shopping_mall', 'point_of_interest', 'establishment']",1,shopping_mall
233,C.C. San Andresito Norte,OPERATIONAL,"Cl. 195 ##21-48, Bogotá, Cundinamarca, Colombia",ChIJTdEm1PGFP44Rkfeiu21XM8Y,4.7732607,-74.0419335,4.0,"['shopping_mall', 'point_of_interest', 'establishment']",4075,shopping_mall
234,Centro Comercial Alhambra Plaza,OPERATIONAL,"Dg. 115 #35, Bogotá, Colombia",ChIJz4T4qsmaP44RG0-ILhrTt_Q,4.698846,-74.056298,4.0,"['shopping_mall', 'point_of_interest', 'establishment']",410,shopping_mall
235,Centro Comercial Fiesta Fontibón,OPERATIONAL,"Cra. 100 #No. 18 - 59, Bogotá, Cundinamarca, Colombia",ChIJPyu6YIycP44RLu-KE6s1cTE,4.6747442,-74.1444333,4.2,"['shopping_mall', 'point_of_interest', 'establishment']",2786,shopping_mall
236,Centro Comercial Ferias Plaza,OPERATIONAL,"Ak. 70 #72-38, Engativá, Bogotá, Colombia",ChIJ75eRBhebP44RV3bGxXZVEdk,4.6842198,-74.09112979999999,3.7,"['shopping_mall', 'point_of_interest', 'establishment']",236,shopping_mall
237,Centro Comercial Cedritos 151,OPERATIONAL,"Cl. 150 ##16-56, Bogotá, Cundinamarca, Colombia",ChIJ1T9hWG-FP44RvsvDafrugJs,4.7321767,-74.0424797,4.2,"['shopping_mall', 'point_of_interest', 'establishment']",9466,shopping_mall
238,Edificio Centro 99,OPERATIONAL,"Cra. 16 #95-26, Bogotá, Colombia",ChIJW1qBS5SaP44RMNl_JHSm-rA,4.6833868,-74.0494527,0.0,"['shopping_mall', 'point_of_interest', 'establishment']",0,shopping_mall
239,Avenida Chile Centro Comercial y Financiero,OPERATIONAL,"Cl. 72 ##10-34, Bogotá, Cundinamarca, Colombia",ChIJxS3MN0OaP44RtJauJOm9bFM,4.6571564,-74.05782549999999,4.2,"['shopping_mall', 'atm', 'finance', 'point_of_interest', 'establishment']",16713,shopping_mall
240,Estadio Nemésio Camacho El Campín,OPERATIONAL,"Carrera 30 y Calle 57, Bogotá, Cundinamarca, Colombia",ChIJQbTMs8qbP44RLHWo4fiEkEg,4.6458552,-74.07737709999999,4.6,"['stadium', 'point_of_interest', 'establishment']",30904,stadium
241,Calaña's Stadium,OPERATIONAL,"Cra. 75 #1-50, Bogotá, Colombia",ChIJBb45gqGeP44RO-0-d5A8ZKk,4.623773799999999,-74.14467929999999,4.4,"['stadium', 'point_of_interest', 'establishment']",28,stadium
242,Edificio 731 - Estadio Alfonso López Pumarejo,OPERATIONAL,"Cra 45 #26 - 85, Bogotá, Colombia",ChIJ4TofGc-bP44RzHDEiJEnFrk,4.640384699999999,-74.0864139,4.4,"['stadium', 'point_of_interest', 'establishment']",1010,stadium
243,Parque Estadio Olaya Herrera,OPERATIONAL,"Cra. 21 #9, Bogotá, Colombia",ChIJ3176RtmYP44RJbtnmRIKxAA,4.583732,-74.1073289,4.5,"['stadium', 'point_of_interest', 'establishment']",1163,stadium
244,El Campin,OPERATIONAL,"a 126-41, Cl. 131c #126-1, Bogotá, Colombia",ChIJL5x7iY-EP44RWPiCrtv3Ot0,4.7390355,-74.1120335,4.3,"['stadium', 'point_of_interest', 'establishment']",40,stadium
245,El Estadio Nemecio Camacho El Campin,OPERATIONAL,"Teusaquillo, Bogotá, Colombia",ChIJq6qq-jSaP44RX1zhOxYzn_k,4.6436142,-74.0748072,0.0,"['stadium', 'point_of_interest', 'establishment']",0,stadium
246,Estadio Metropolitano de Techo,OPERATIONAL,"Cra. 71d, Bogotá, Colombia",ChIJtfwTrKieP44R7fFqaQd6J48,4.6234123,-74.13527309999999,4.3,"['stadium', 'point_of_interest', 'establishment']",2580,stadium
247,El Campin,OPERATIONAL,"Cra. 44 #24a50, Bogotá, Colombia",ChIJL18JltubP44RVY9rGB7QDQQ,4.6337684,-74.093231,4.0,"['stadium', 'point_of_interest', 'establishment']",3,stadium
248,estadio municipal de soacha,OPERATIONAL,"Av. Caracas &, Cl. 28 Sur, Bogotá, Colombia",ChIJdasQzHaZP44RyjV4tVZs06c,4.578546999999999,-74.1079579,0.0,"['stadium', 'point_of_interest', 'establishment']",0,stadium
249,Liga de Tennis del Campín,OPERATIONAL,"Ak. 24, Teusaquillo, Bogotá, Colombia",ChIJraMehkqaP44RWs4xxxhC2vI,4.6473299,-74.07436849999999,4.5,"['stadium', 'point_of_interest', 'establishment']",209,stadium
250,Estadio La Gaitana,OPERATIONAL,"a 131a-99,, Cra. 125 #131a27, Bogotá, Colombia",ChIJbxEz_o6EP44RpDAqArm_miA,4.7396727,-74.1092527,4.3,"['stadium', 'point_of_interest', 'establishment']",112,stadium
251,Estadio de Futbol Barrio La Alqueria,OPERATIONAL,"Cra. 52c #41B-22, Puente Aranda, Bogotá, Colombia",ChIJT2B2QtCeP44Rb4tPn3sQy48,4.596644599999999,-74.13418779999999,4.3,"['stadium', 'point_of_interest', 'establishment']",327,stadium
252,Estadio de Futbol Bonanza,OPERATIONAL,"Cra. 70f #7550, Bogotá, Cundinamarca, Colombia",ChIJf9UyID2bP44RAWIRsS6lTos,4.689359899999999,-74.0896722,4.2,"['stadium', 'point_of_interest', 'establishment']",466,stadium
253,Estadio Bochica Central Sede Acest.jr,OPERATIONAL,"Puente Aranda, Bogotá, Colombia",ChIJ-6gdkjiZP44R2-W9XixMl-s,4.606675399999999,-74.10852179999999,3.5,"['stadium', 'point_of_interest', 'establishment']",4,stadium
254,Estadio Tabora,OPERATIONAL,"Cl. 74 #73A-35, Zona 3, Bogotá, Colombia",ChIJ7Ri7ITmbP44Rka5Tw3XTuYE,4.6931017,-74.09739859999999,4.4,"['stadium', 'point_of_interest', 'establishment']",1447,stadium
255,Estadio Padre Italo Suárez,OPERATIONAL,"Ac. 26, Teusaquillo, Bogotá, Colombia",ChIJCVx6s56bP44RIIJIxi3IkMU,4.6625295,-74.1052595,4.0,"['stadium', 'point_of_interest', 'establishment']",8,stadium
256,Tenis ber,OPERATIONAL,"Cra. 90 #152-22, Bogotá, Colombia",ChIJ7193ReSEP44RTijHdy4riKw,4.7335748,-74.0850913,4.3,"['stadium', 'point_of_interest', 'establishment']",3,stadium
257,Estadio De Beisbol Hermes Barros Cabas,OPERATIONAL,"Ak 68 #5217, Bogotá, Colombia",ChIJp7HWeaGbP44RvrARusojKEo,4.6628216,-74.0973578,4.7,"['stadium', 'point_of_interest', 'establishment']",46,stadium
258,Diamante de Softbol El Salitre,OPERATIONAL,"a 68-58, Cl. 52 #6816, Bogotá, Colombia",ChIJ61S5h6GbP44R2I04m0tY0FE,4.662332699999999,-74.0981882,4.7,"['stadium', 'point_of_interest', 'establishment']",50,stadium
259,Estadio San Jose,OPERATIONAL,"Cra. 12d #24 Sur-1 a 24 Sur-99,, Bogotá, Colombia",ChIJuZZPx8KYP44RKJqRW4QMlYk,4.5766746,-74.1020261,2.5,"['stadium', 'point_of_interest', 'establishment']",2,stadium
260,Parque Central Simón Bolívar,OPERATIONAL,"Av. Calle 53 y Av. Esmeralda #s/n, Bogotá, Cundinamarca, Colombia",ChIJPTkQGJKFP44RO7BCQGQ_lR0,4.6584796,-74.09345789999999,4.7,"['park', 'tourist_attraction', 'point_of_interest', 'establishment']",58903,park
261,Parque El Chicó,OPERATIONAL,"# a 92a-61, Cra. 7 #921, Bogotá, Colombia",ChIJl26GFI-aP44RpRk6gpYLHnc,4.6731052,-74.0443808,4.6,"['park', 'tourist_attraction', 'point_of_interest', 'establishment']",1812,park
262,Parque Nacional Enrique Olaya Herrera,OPERATIONAL,"Cl. 35 #3-50, Bogotá, Colombia",ChIJT3j00IeZP44RpQpxWMx8yx0,4.6238755,-74.06306889999999,4.5,"['tourist_attraction', 'park', 'point_of_interest', 'establishment']",17979,park
263,Parque de la Independencia,OPERATIONAL,"Esq. Calle 26, Entrada A La KR7, La Candelaria, Bogotá, Colombia",ChIJjbTdX5mZP44RdiuxIBI52zw,4.6113084,-74.0683032,4.5,"['tourist_attraction', 'park', 'point_of_interest', 'establishment']",9080,park
264,Parque de Los Periodistas Gabriel García Márquez,OPERATIONAL,"Bogotá, Colombia",ChIJl2VYcqSZP44RWnsvPO9uglk,4.6012192,-74.06948090000002,4.2,"['park', 'tourist_attraction', 'point_of_interest', 'establishment']",13178,park
265,Parque El Country,OPERATIONAL,"Cl 127 #54, Bogotá, Colombia",ChIJxRNrMlOFP44RyE_JAcTXUDA,4.706199199999999,-74.0380018,4.7,"['park', 'tourist_attraction', 'point_of_interest', 'establishment']",3937,park
266,I PARK BOGOTA,OPERATIONAL,"Cl. 60 ## 14 -68, Bogotá, Colombia",ChIJB6GeCbWbP44RYFLrgD2HQ9k,4.647334799999999,-74.0657496,5.0,"['park', 'point_of_interest', 'establishment']",1,park
267,Parque Calle 114,OPERATIONAL,"Cl. 114 #19-74, Bogotá, Colombia",ChIJoQfW7reaP44RcHayEv9i84I,4.6970255,-74.0525924,4.6,"['park', 'point_of_interest', 'establishment']",421,park
268,Parque Chicó,OPERATIONAL,"Carrera 75a, Bogotá, Colombia",ChIJg63ES3ebP44Ry116c3EBmCg,4.672238999999999,-74.111032,4.2,"['park', 'point_of_interest', 'establishment']",136,park
269,Parque La Vida,OPERATIONAL,"Bogotá, Colombia",ChIJiXF8vHyFP44RItX3FxXskws,4.736603,-74.034949,4.6,"['park', 'tourist_attraction', 'point_of_interest', 'establishment']",1388,park
270,Parque La Cabrera,OPERATIONAL,"Cra. 12, Bogotá, Colombia",ChIJx3UoFouaP44R6-mldWyfqa4,4.6693685,-74.05188489999999,4.5,"['park', 'point_of_interest', 'establishment']",145,park
271,Parque Niza Norte,OPERATIONAL,"Bogotá, Colombia",ChIJgdJ2ACmFP44RHxpR9qsd73o,4.7139793,-74.0740507,4.5,"['park', 'point_of_interest', 'establishment']",8,park
272,Parque Chico Alto,OPERATIONAL,"Cra. 14, Usaquén, Bogotá, Colombia",ChIJnYJ_9LyaP44RsqbCDXAOrY0,4.6893098,-74.0440448,4.4,"['park', 'point_of_interest', 'establishment']",94,park
273,Parque Público Reserva de San Felipe,OPERATIONAL,"a 128-13, Cra. 89 #128-3, Bogotá, Colombia",ChIJt6KWucSEP44R4EGoZyicEFk,4.7209395,-74.0896092,4.0,"['park', 'point_of_interest', 'establishment']",112,park
274,Parque Urbano El Virrey,OPERATIONAL,"Cl. 88, Bogotá, Colombia",ChIJc4n29_KaP44RxgWJW6H30AU,4.6742908,-74.0565422,4.6,"['park', 'tourist_attraction', 'point_of_interest', 'establishment']",15046,park
275,Parque México,OPERATIONAL,"Bogotá, Colombia",ChIJsTFYZV6aP44Rf3ImuwJC6s8,4.6621171,-74.0559909,4.3,"['park', 'point_of_interest', 'establishment']",288,park
276,Parque La Calleja,OPERATIONAL,"Cra. 20 #127-77 #127-83 a, Bogotá, Colombia",ChIJH5JzHEuFP44ROIgmBPUFTQ8,4.7076897,-74.0502341,4.7,"['park', 'point_of_interest', 'establishment']",3,park
277,PARQUE NORMANDIA,OPERATIONAL,"con calle 63 F, José Celestino Mutis, Engativá, Bogotá, Colombia",ChIJr4HE_W2bP44RiboNtrvzBZA,4.6777516,-74.1062623,4.2,"['park', 'point_of_interest', 'establishment']",190,park
278,Bogota Parque Simón Bolivar,OPERATIONAL,"a 57-27, Cra. 60 #57-1, Bogotá, Colombia",ChIJSQezALubP44ReU9q-7-2FXA,4.654660199999999,-74.0920503,4.7,"['park', 'point_of_interest', 'establishment']",60,park
279,Parque Las Flores,OPERATIONAL,"Bogotá, Colombia",ChIJJ05WmWeEP44RuaoUVJtV1wI,4.754601699999999,-74.1016781,4.0,"['park', 'tourist_attraction', 'point_of_interest', 'establishment']",1620,park
280,Parque De La Independencia,OPERATIONAL,"Cra. 7, Bogotá, Colombia",ChIJhVqubqGaP44RTVp4Al5Bzqw,4.689118000000001,-74.03482269999999,4.4,"['park', 'point_of_interest', 'establishment']",13,park
281,Parque El Contador Norte,OPERATIONAL,"Bogotá, Colombia",ChIJl7xk-VeFP44RkxC_yJVO3Js,4.7152718,-74.03051260000001,4.3,"['park', 'tourist_attraction', 'point_of_interest', 'establishment']",105,park
282,Parque La Calleja,OPERATIONAL,"Cra. 18b #127-29 #127-99 a, Bogotá, Colombia",ChIJw25-o0yFP44RwDFoRffSeng,4.7069067,-74.047068,0.0,"['park', 'point_of_interest', 'establishment']",0,park
283,Parque Bicentenario,OPERATIONAL,"Cl. 26 #6A-79, Bogotá, Colombia",ChIJp1ACQJmZP44RKs7bmCWuiBg,4.610842799999999,-74.0693931,4.5,"['tourist_attraction', 'park', 'point_of_interest', 'establishment']",2563,park
284,Parque público Echeverría,OPERATIONAL,"Cra. 54d ##134-20, Bogotá, Colombia",ChIJf0hbUdOFP44RpgtefLKbS98,4.7223413,-74.06063309999999,5.0,"['park', 'point_of_interest', 'establishment']",1,park
285,Parque Eva Perón,OPERATIONAL,"Cl. 120 #20-25, Bogotá, Colombia",ChIJ48jPsLaaP44REPICeoiiGzU,4.7016024,-74.05153299999999,4.4,"['park', 'point_of_interest', 'establishment']",429,park
286,Parque República De Francia,OPERATIONAL,"Cl. 104 #55, Bogotá, Colombia",ChIJmeyvBLyaP44RhTN2QMi8m4M,4.6904595,-74.04718129999999,4.5,"['park', 'tourist_attraction', 'point_of_interest', 'establishment']",1648,park
287,Parque Chico,OPERATIONAL,"Bogotá, Colombia",ChIJR8n645SaP44RZljTdlVL8S8,4.6833358,-74.0516378,4.4,"['park', 'tourist_attraction', 'point_of_interest', 'establishment']",20,park
288,Parque Urb. Calle 100,OPERATIONAL,"Bogotá, Colombia",ChIJuwkY08OaP44R3YZ5nKgGU6s,4.6888713,-74.05989579999999,4.6,"['park', 'point_of_interest', 'establishment']",70,park
289,Parque Puente Largo,OPERATIONAL,"Cl. 9 #56-41, Bogotá, Colombia",ChIJKdHlUcWaP44RhZChBqIHT3s,4.6960402,-74.065562,4.5,"['park', 'tourist_attraction', 'point_of_interest', 'establishment']",1282,park
290,Parque Colina,OPERATIONAL,"Cra. 58, Bogotá, Colombia",ChIJ_yD-JQ-FP44RiRkH2YAAd1Q,4.7373572,-74.061719,4.5,"['park', 'point_of_interest', 'establishment']",601,park
291,Parque público entre ríos,OPERATIONAL,"Cl. 80 #64, Barrios Unidos, Bogotá, Colombia",ChIJswXI-R2bP44Rhh_Z7nDmDBU,4.6804197,-74.0768375,4.2,"['park', 'point_of_interest', 'establishment']",74,park
292,Parque Público Urb. Pontevedra I,OPERATIONAL,"a 70h-78, Cl. 117 #70h2, Bogotá, Colombia",ChIJ-R3dCNaaP44Ri0EHG63Uehw,4.7014064,-74.07613080000002,4.5,"['park', 'point_of_interest', 'establishment']",377,park
293,Parque Público Altos de Normandía,OPERATIONAL,"Cl. 63 #75-35, Bogotá, Colombia",ChIJoZDsI26bP44RGj5Zx3-kr3A,4.6778188,-74.10814700000002,4.8,"['park', 'point_of_interest', 'establishment']",13,park
294,Parque Victoria Norte,OPERATIONAL,"Suba, Bogotá, Colombia",ChIJUZ1XRxOFP44Rd86xcSnfybU,4.732346499999999,-74.0545712,4.4,"['park', 'tourist_attraction', 'point_of_interest', 'establishment']",865,park
295,Parque Antiguo Country Club,OPERATIONAL,"Bogotá, Colombia",ChIJ35vUnlWbP44Ref4SVvZR7ks,4.6696591,-74.0577826,4.5,"['park', 'point_of_interest', 'establishment']",4,park
296,Parque Castellana,OPERATIONAL,"a 47a-55, Cl. 98 #47a9, Bogotá, Colombia",ChIJw4wN5emaP44RxZjmUnSdZmc,4.6858366,-74.060599,4.3,"['park', 'point_of_interest', 'establishment']",167,park
297,Parque Lagos De Suba,OPERATIONAL,"Cra. 102 #129-78, Bogotá, Colombia",ChIJ44d6E-uEP44RmR5fx6WqX6I,4.730937,-74.0985184,3.9,"['park', 'tourist_attraction', 'point_of_interest', 'establishment']",2140,park
298,Parque Zonal Córdoba,OPERATIONAL,"Cl. 120 #54-61, Bogotá, Colombia",ChIJtzL1C9KaP44RN3Kgiw6bAxk,4.702419,-74.0656205,4.5,"['park', 'point_of_interest', 'establishment']",887,park
299,parque vecinal la Europa,OPERATIONAL,"Cra. 69, Bogotá, Colombia",ChIJr-L4OBCbP44RRbF7Co80XQc,4.678151199999999,-74.0907653,4.0,"['park', 'point_of_interest', 'establishment']",20,park
